id,source_url,story_id,story_title,author,posted_at
49999229,https://news.ycombinator.com/item?id=49999229,49996259,Docker Agent,Olscore,1791409575
49998049,https://news.ycombinator.com/item?id=49998049,49997073,"Push ifs up and fors down: The idiom, its algebra, and its limits",socializer,1791403203
49999818,https://news.ycombinator.com/item?id=49999818,49994443,Show HN: Bigwords.page – Turn any screen into a sign. The URL is the app,WhiskerFatigue,1791413335
49993079,https://news.ycombinator.com/item?id=49993079,49991227,Shipping JPEG XL in Chrome,jug,1791381982
49995373,https://news.ycombinator.com/item?id=49995373,49993857,Animated ASCII Art for Web Pages,boguscoder,1791391706
49999306,https://news.ycombinator.com/item?id=49999306,49980626,How machines learned precision,ghm2180,1791410089
49991050,https://news.ycombinator.com/item?id=49991050,49990224,A font recreated from photographs of classic Commodore 64 keycaps,jankhg,1791371123
49999381,https://news.ycombinator.com/item?id=49999381,49991823,Google Playground: Create and play custom games,tavavex,1791410511
49995310,https://news.ycombinator.com/item?id=49995310,49992257,Anti-patterns in software blogging,phreack,1791391489
49993455,https://news.ycombinator.com/item?id=49993455,49993188,SynthID Detector,Tiberium,1791383709
49999510,https://news.ycombinator.com/item?id=49999510,49995539,Show HN: Agent.reviews – Where AI agents read and write reviews on tools,geekymartian,1791411360
49994937,https://news.ycombinator.com/item?id=49994937,49991243,"God of War on PSP, recompiled to WebAssembly and running in the browser",wren6991,1791389963
49999634,https://news.ycombinator.com/item?id=49999634,49994481,Open source 160 sound visualization experiments,Keyframe,1791412134
49992460,https://news.ycombinator.com/item?id=49992460,49991580,Write Like It's 1866: LLMs Relearn Telegraphese,OtherShrezzing,1791379344
49995030,https://news.ycombinator.com/item?id=49995030,49994065,Reverse Engineering of the M-VAVE FM-1 Pocket Synthesizer Firmware,vegadw,1791390350
49995954,https://news.ycombinator.com/item?id=49995954,49980399,Show HN: Durable Actors – OSS Durable Objects with configurable compute,jeremycarter,1791394009
49992110,https://news.ycombinator.com/item?id=49992110,49949680,Rust's derive often implies inline,Sharlin,1791377783
49996243,https://news.ycombinator.com/item?id=49996243,49992057,Show HN: A walkable 3D art history museum built from Wikipedia,Sophira,1791395214
49991997,https://news.ycombinator.com/item?id=49991997,49991986,Show HN: Procinsh – A 3D Linux process inspector,a_kawashiro,1791377151
49991267,https://news.ycombinator.com/item?id=49991267,49954015,Show HN: AstroHelm – Use your phone camera to aim a telescope or telephoto lens,chantepierre,1791372638
49990675,https://news.ycombinator.com/item?id=49990675,49990204,Reasons to Dislike AI Coding,dev0p,1791368067
49990074,https://news.ycombinator.com/item?id=49990074,49982498,Tell HN: GitHub refuses to remove cracked copies of my software after a month,summarity,1791363500
49987489,https://news.ycombinator.com/item?id=49987489,49986862,ESP32-C3 Adblock,muti,1791341507
49992276,https://news.ycombinator.com/item?id=49992276,49978333,What is Codemode,ohgodhelpplease,1791378581
49999110,https://news.ycombinator.com/item?id=49999110,49996259,Docker Agent,blutoot,1791408925
49998629,https://news.ycombinator.com/item?id=49998629,49997073,"Push ifs up and fors down: The idiom, its algebra, and its limits",ninalanyon,1791406277
49997519,https://news.ycombinator.com/item?id=49997519,49994443,Show HN: Bigwords.page – Turn any screen into a sign. The URL is the app,pvillano,1791400710
49991410,https://news.ycombinator.com/item?id=49991410,49991227,Shipping JPEG XL in Chrome,xx_ns,1791373594
49995453,https://news.ycombinator.com/item?id=49995453,49993857,Animated ASCII Art for Web Pages,gavmor,1791392029
49999776,https://news.ycombinator.com/item?id=49999776,49980626,How machines learned precision,hexapus,1791413032
49991744,https://news.ycombinator.com/item?id=49991744,49990224,A font recreated from photographs of classic Commodore 64 keycaps,tniemi,1791375621
49992591,https://news.ycombinator.com/item?id=49992591,49991823,Google Playground: Create and play custom games,xnx,1791379824
49996473,https://news.ycombinator.com/item?id=49996473,49992257,Anti-patterns in software blogging,jrochkind1,1791396263
49993881,https://news.ycombinator.com/item?id=49993881,49993188,SynthID Detector,Retr0id,1791385656
49997782,https://news.ycombinator.com/item?id=49997782,49995539,Show HN: Agent.reviews – Where AI agents read and write reviews on tools,klntsky,1791401906
49998016,https://news.ycombinator.com/item?id=49998016,49991243,"God of War on PSP, recompiled to WebAssembly and running in the browser",accrual,1791403033
49998083,https://news.ycombinator.com/item?id=49998083,49994481,Open source 160 sound visualization experiments,horacemorace,1791403443
49993369,https://news.ycombinator.com/item?id=49993369,49991580,Write Like It's 1866: LLMs Relearn Telegraphese,netsharc,1791383342
49998002,https://news.ycombinator.com/item?id=49998002,49994065,Reverse Engineering of the M-VAVE FM-1 Pocket Synthesizer Firmware,raphlinus,1791402936
49995842,https://news.ycombinator.com/item?id=49995842,49980399,Show HN: Durable Actors – OSS Durable Objects with configurable compute,verst,1791393546
49992860,https://news.ycombinator.com/item?id=49992860,49949680,Rust's derive often implies inline,vlovich123,1791380916
49994201,https://news.ycombinator.com/item?id=49994201,49992057,Show HN: A walkable 3D art history museum built from Wikipedia,alexpatin,1791386916
49993912,https://news.ycombinator.com/item?id=49993912,49991986,Show HN: Procinsh – A 3D Linux process inspector,g3z,1791385794
49991661,https://news.ycombinator.com/item?id=49991661,49954015,Show HN: AstroHelm – Use your phone camera to aim a telescope or telephoto lens,danbruc,1791375138
49990528,https://news.ycombinator.com/item?id=49990528,49990204,Reasons to Dislike AI Coding,falsaberN1,1791367190
49989198,https://news.ycombinator.com/item?id=49989198,49982498,Tell HN: GitHub refuses to remove cracked copies of my software after a month,IvanK_net,1791355589
49989497,https://news.ycombinator.com/item?id=49989497,49986862,ESP32-C3 Adblock,yoavm,1791358326
49988381,https://news.ycombinator.com/item?id=49988381,49978333,What is Codemode,ylxdzsw,1791348933
49996927,https://news.ycombinator.com/item?id=49996927,49996259,Docker Agent,blakeashleyjr,1791397955
49999467,https://news.ycombinator.com/item?id=49999467,49997073,"Push ifs up and fors down: The idiom, its algebra, and its limits",gorgoiler,1791411065
49999698,https://news.ycombinator.com/item?id=49999698,49994443,Show HN: Bigwords.page – Turn any screen into a sign. The URL is the app,aghilmort,1791412532
49991443,https://news.ycombinator.com/item?id=49991443,49991227,Shipping JPEG XL in Chrome,swiftcoder,1791373819
49995481,https://news.ycombinator.com/item?id=49995481,49993857,Animated ASCII Art for Web Pages,BugsJustFindMe,1791392137
49999231,https://news.ycombinator.com/item?id=49999231,49980626,How machines learned precision,qchris,1791409590
49999529,https://news.ycombinator.com/item?id=49999529,49990224,A font recreated from photographs of classic Commodore 64 keycaps,pinkmuffinere,1791411446
49995165,https://news.ycombinator.com/item?id=49995165,49991823,Google Playground: Create and play custom games,pkal,1791390900
49995004,https://news.ycombinator.com/item?id=49995004,49992257,Anti-patterns in software blogging,ram1500natrluvr,1791390247
49998736,https://news.ycombinator.com/item?id=49998736,49993188,SynthID Detector,justhw,1791406784
49997809,https://news.ycombinator.com/item?id=49997809,49995539,Show HN: Agent.reviews – Where AI agents read and write reviews on tools,Tade0,1791402035
49996558,https://news.ycombinator.com/item?id=49996558,49991243,"God of War on PSP, recompiled to WebAssembly and running in the browser",pier25,1791396563
49996638,https://news.ycombinator.com/item?id=49996638,49994481,Open source 160 sound visualization experiments,Jaxan,1791396880
49992043,https://news.ycombinator.com/item?id=49992043,49991580,Write Like It's 1866: LLMs Relearn Telegraphese,z2,1791377401
49994997,https://news.ycombinator.com/item?id=49994997,49994065,Reverse Engineering of the M-VAVE FM-1 Pocket Synthesizer Firmware,chrisshroba,1791390223
49996250,https://news.ycombinator.com/item?id=49996250,49980399,Show HN: Durable Actors – OSS Durable Objects with configurable compute,divyagnan,1791395254
49993832,https://news.ycombinator.com/item?id=49993832,49949680,Rust's derive often implies inline,scottlamb,1791385461
49993289,https://news.ycombinator.com/item?id=49993289,49992057,Show HN: A walkable 3D art history museum built from Wikipedia,aogaili,1791382948
49995901,https://news.ycombinator.com/item?id=49995901,49991986,Show HN: Procinsh – A 3D Linux process inspector,luckystarr,1791393793
49991732,https://news.ycombinator.com/item?id=49991732,49954015,Show HN: AstroHelm – Use your phone camera to aim a telescope or telephoto lens,skypanther,1791375549
49990597,https://news.ycombinator.com/item?id=49990597,49990204,Reasons to Dislike AI Coding,Regex777,1791367610
49984924,https://news.ycombinator.com/item?id=49984924,49982498,Tell HN: GitHub refuses to remove cracked copies of my software after a month,JohnFen,1791325051
49988699,https://news.ycombinator.com/item?id=49988699,49986862,ESP32-C3 Adblock,BLKNSLVR,1791351423
49989794,https://news.ycombinator.com/item?id=49989794,49978333,What is Codemode,dnlgrmm,1791361013
49999046,https://news.ycombinator.com/item?id=49999046,49996259,Docker Agent,rodolphoarruda,1791408631
49998443,https://news.ycombinator.com/item?id=49998443,49997073,"Push ifs up and fors down: The idiom, its algebra, and its limits",wallstop,1791405263
49996012,https://news.ycombinator.com/item?id=49996012,49994443,Show HN: Bigwords.page – Turn any screen into a sign. The URL is the app,ceejayoz,1791394258
49991860,https://news.ycombinator.com/item?id=49991860,49991227,Shipping JPEG XL in Chrome,revolvingthrow,1791376277
49995217,https://news.ycombinator.com/item?id=49995217,49993857,Animated ASCII Art for Web Pages,robbomacrae,1791391131
49999760,https://news.ycombinator.com/item?id=49999760,49980626,How machines learned precision,peterldowns,1791412936
49995742,https://news.ycombinator.com/item?id=49995742,49990224,A font recreated from photographs of classic Commodore 64 keycaps,bay_baobab_ii,1791393152
49993449,https://news.ycombinator.com/item?id=49993449,49991823,Google Playground: Create and play custom games,Kkoala,1791383673
49999267,https://news.ycombinator.com/item?id=49999267,49992257,Anti-patterns in software blogging,janalsncm,1791409783
49994064,https://news.ycombinator.com/item?id=49994064,49993188,SynthID Detector,jdranczewski,1791386386
49998124,https://news.ycombinator.com/item?id=49998124,49995539,Show HN: Agent.reviews – Where AI agents read and write reviews on tools,moezd,1791403671
49995462,https://news.ycombinator.com/item?id=49995462,49991243,"God of War on PSP, recompiled to WebAssembly and running in the browser",mamonoleechi,1791392074
49996855,https://news.ycombinator.com/item?id=49996855,49994481,Open source 160 sound visualization experiments,mikodin,1791397650
49992522,https://news.ycombinator.com/item?id=49992522,49991580,Write Like It's 1866: LLMs Relearn Telegraphese,alexpotato,1791379571
49998878,https://news.ycombinator.com/item?id=49998878,49994065,Reverse Engineering of the M-VAVE FM-1 Pocket Synthesizer Firmware,cicloid,1791407675
49996305,https://news.ycombinator.com/item?id=49996305,49980399,Show HN: Durable Actors – OSS Durable Objects with configurable compute,anilgulecha,1791395558
49992439,https://news.ycombinator.com/item?id=49992439,49949680,Rust's derive often implies inline,zamazan4ik,1791379237
49998834,https://news.ycombinator.com/item?id=49998834,49992057,Show HN: A walkable 3D art history museum built from Wikipedia,theogzd,1791407367
49994117,https://news.ycombinator.com/item?id=49994117,49991986,Show HN: Procinsh – A 3D Linux process inspector,zzulanas,1791386595
49995241,https://news.ycombinator.com/item?id=49995241,49954015,Show HN: AstroHelm – Use your phone camera to aim a telescope or telephoto lens,_ph_,1791391237
49990501,https://news.ycombinator.com/item?id=49990501,49990204,Reasons to Dislike AI Coding,pelagicAustral,1791366964
49985916,https://news.ycombinator.com/item?id=49985916,49982498,Tell HN: GitHub refuses to remove cracked copies of my software after a month,bartread,1791330933
49989805,https://news.ycombinator.com/item?id=49989805,49986862,ESP32-C3 Adblock,waysa,1791361123
49991317,https://news.ycombinator.com/item?id=49991317,49978333,What is Codemode,planb,1791372946
49997009,https://news.ycombinator.com/item?id=49997009,49996259,Docker Agent,McScrooge,1791398307
49999280,https://news.ycombinator.com/item?id=49999280,49997073,"Push ifs up and fors down: The idiom, its algebra, and its limits",throwawayffffas,1791409885
49999387,https://news.ycombinator.com/item?id=49999387,49994443,Show HN: Bigwords.page – Turn any screen into a sign. The URL is the app,isaac-harvey,1791410596
49991527,https://news.ycombinator.com/item?id=49991527,49991227,Shipping JPEG XL in Chrome,kelseydh,1791374379
49996504,https://news.ycombinator.com/item?id=49996504,49993857,Animated ASCII Art for Web Pages,burmask,1791396367
49980627,https://news.ycombinator.com/item?id=49980627,49980626,How machines learned precision,glinscott,1791303282
49992823,https://news.ycombinator.com/item?id=49992823,49990224,A font recreated from photographs of classic Commodore 64 keycaps,dar5hak,1791380729
49993470,https://news.ycombinator.com/item?id=49993470,49991823,Google Playground: Create and play custom games,OsrsNeedsf2P,1791383769
49995834,https://news.ycombinator.com/item?id=49995834,49992257,Anti-patterns in software blogging,linsomniac,1791393507
49993715,https://news.ycombinator.com/item?id=49993715,49993188,SynthID Detector,nialv7,1791384881
49998015,https://news.ycombinator.com/item?id=49998015,49995539,Show HN: Agent.reviews – Where AI agents read and write reviews on tools,GrinningFool,1791403033
49993928,https://news.ycombinator.com/item?id=49993928,49991243,"God of War on PSP, recompiled to WebAssembly and running in the browser",fb03,1791385864
49995877,https://news.ycombinator.com/item?id=49995877,49994481,Open source 160 sound visualization experiments,dvh,1791393696
49992668,https://news.ycombinator.com/item?id=49992668,49991580,Write Like It's 1866: LLMs Relearn Telegraphese,novideonoradio,1791380090
49998543,https://news.ycombinator.com/item?id=49998543,49994065,Reverse Engineering of the M-VAVE FM-1 Pocket Synthesizer Firmware,peteforde,1791405783
49993025,https://news.ycombinator.com/item?id=49993025,49949680,Rust's derive often implies inline,api,1791381676
49994048,https://news.ycombinator.com/item?id=49994048,49992057,Show HN: A walkable 3D art history museum built from Wikipedia,ggerules,1791386327
49993770,https://news.ycombinator.com/item?id=49993770,49991986,Show HN: Procinsh – A 3D Linux process inspector,hncbw02z5a,1791385130
49993902,https://news.ycombinator.com/item?id=49993902,49954015,Show HN: AstroHelm – Use your phone camera to aim a telescope or telephoto lens,Tepix,1791385752
49990435,https://news.ycombinator.com/item?id=49990435,49990204,Reasons to Dislike AI Coding,normie3000,1791366418
49994299,https://news.ycombinator.com/item?id=49994299,49982498,Tell HN: GitHub refuses to remove cracked copies of my software after a month,hgs3,1791387265
49987962,https://news.ycombinator.com/item?id=49987962,49986862,ESP32-C3 Adblock,1vuio0pswjnm7,1791345450
49989442,https://news.ycombinator.com/item?id=49989442,49978333,What is Codemode,freakynit,1791357725
49998290,https://news.ycombinator.com/item?id=49998290,49996259,Docker Agent,CBLT,1791404549
49999040,https://news.ycombinator.com/item?id=49999040,49997073,"Push ifs up and fors down: The idiom, its algebra, and its limits",dieselgate,1791408597
49999436,https://news.ycombinator.com/item?id=49999436,49994443,Show HN: Bigwords.page – Turn any screen into a sign. The URL is the app,mcrowder65,1791410866
49991617,https://news.ycombinator.com/item?id=49991617,49991227,Shipping JPEG XL in Chrome,cyberrock,1791374843
49995275,https://news.ycombinator.com/item?id=49995275,49993857,Animated ASCII Art for Web Pages,bredren,1791391339
49997839,https://news.ycombinator.com/item?id=49997839,49980626,How machines learned precision,Joker_vD,1791402195
49992444,https://news.ycombinator.com/item?id=49992444,49990224,A font recreated from photographs of classic Commodore 64 keycaps,gwbas1c,1791379254
49992552,https://news.ycombinator.com/item?id=49992552,49991823,Google Playground: Create and play custom games,aqme28,1791379666
49994391,https://news.ycombinator.com/item?id=49994391,49992257,Anti-patterns in software blogging,weinzierl,1791387627
49994123,https://news.ycombinator.com/item?id=49994123,49993188,SynthID Detector,RobGR,1791386616
49997459,https://news.ycombinator.com/item?id=49997459,49995539,Show HN: Agent.reviews – Where AI agents read and write reviews on tools,schleck8,1791400447
49995334,https://news.ycombinator.com/item?id=49995334,49991243,"God of War on PSP, recompiled to WebAssembly and running in the browser",sigma5,1791391586
49996725,https://news.ycombinator.com/item?id=49996725,49994481,Open source 160 sound visualization experiments,hellojomp,1791397187
49996336,https://news.ycombinator.com/item?id=49996336,49991580,Write Like It's 1866: LLMs Relearn Telegraphese,bilater,1791395667
49995360,https://news.ycombinator.com/item?id=49995360,49994065,Reverse Engineering of the M-VAVE FM-1 Pocket Synthesizer Firmware,itsdavesanders,1791391678
49996001,https://news.ycombinator.com/item?id=49996001,49992057,Show HN: A walkable 3D art history museum built from Wikipedia,cobertos,1791394224
49994594,https://news.ycombinator.com/item?id=49994594,49991986,Show HN: Procinsh – A 3D Linux process inspector,cobbzilla,1791388451
49995322,https://news.ycombinator.com/item?id=49995322,49954015,Show HN: AstroHelm – Use your phone camera to aim a telescope or telephoto lens,jnsie,1791391533
49990445,https://news.ycombinator.com/item?id=49990445,49990204,Reasons to Dislike AI Coding,metchio,1791366496
49990052,https://news.ycombinator.com/item?id=49990052,49982498,Tell HN: GitHub refuses to remove cracked copies of my software after a month,schnebbau,1791363322
49989399,https://news.ycombinator.com/item?id=49989399,49986862,ESP32-C3 Adblock,timvdalen,1791357296
49989208,https://news.ycombinator.com/item?id=49989208,49978333,What is Codemode,lemontheme,1791355638
49997121,https://news.ycombinator.com/item?id=49997121,49996259,Docker Agent,maxdo,1791398783
49998706,https://news.ycombinator.com/item?id=49998706,49997073,"Push ifs up and fors down: The idiom, its algebra, and its limits",aappleby,1791406644
49997258,https://news.ycombinator.com/item?id=49997258,49994443,Show HN: Bigwords.page – Turn any screen into a sign. The URL is the app,KingMachiavelli,1791399425
49991751,https://news.ycombinator.com/item?id=49991751,49991227,Shipping JPEG XL in Chrome,tepmoc,1791375652
49996984,https://news.ycombinator.com/item?id=49996984,49993857,Animated ASCII Art for Web Pages,smusamashah,1791398164
49999644,https://news.ycombinator.com/item?id=49999644,49980626,How machines learned precision,anitil,1791412188
49996194,https://news.ycombinator.com/item?id=49996194,49990224,A font recreated from photographs of classic Commodore 64 keycaps,sombragris,1791395000
49993264,https://news.ycombinator.com/item?id=49993264,49991823,Google Playground: Create and play custom games,hmokiguess,1791382874
49997740,https://news.ycombinator.com/item?id=49997740,49992257,Anti-patterns in software blogging,zrail,1791401730
49995484,https://news.ycombinator.com/item?id=49995484,49993188,SynthID Detector,NeumannGod,1791392140
49997805,https://news.ycombinator.com/item?id=49997805,49995539,Show HN: Agent.reviews – Where AI agents read and write reviews on tools,zamadatix,1791402023
49994544,https://news.ycombinator.com/item?id=49994544,49991243,"God of War on PSP, recompiled to WebAssembly and running in the browser",lucasverra,1791388232
49992286,https://news.ycombinator.com/item?id=49992286,49991580,Write Like It's 1866: LLMs Relearn Telegraphese,yomismoaqui,1791378652
49995550,https://news.ycombinator.com/item?id=49995550,49994065,Reverse Engineering of the M-VAVE FM-1 Pocket Synthesizer Firmware,rkachowski,1791392368
49995819,https://news.ycombinator.com/item?id=49995819,49992057,Show HN: A walkable 3D art history museum built from Wikipedia,criddell,1791393443
49994365,https://news.ycombinator.com/item?id=49994365,49991986,Show HN: Procinsh – A 3D Linux process inspector,v3ss0n,1791387503
49997673,https://news.ycombinator.com/item?id=49997673,49954015,Show HN: AstroHelm – Use your phone camera to aim a telescope or telephoto lens,pointpth,1791401393
49990434,https://news.ycombinator.com/item?id=49990434,49990204,Reasons to Dislike AI Coding,airza,1791366414
49993345,https://news.ycombinator.com/item?id=49993345,49982498,Tell HN: GitHub refuses to remove cracked copies of my software after a month,jodrellblank,1791383230
49998553,https://news.ycombinator.com/item?id=49998553,49986862,ESP32-C3 Adblock,Muhammad523,1791405831
49994954,https://news.ycombinator.com/item?id=49994954,49978333,What is Codemode,WinstonSmith84,1791390038
49997599,https://news.ycombinator.com/item?id=49997599,49996259,Docker Agent,beckford,1791401096
49998856,https://news.ycombinator.com/item?id=49998856,49997073,"Push ifs up and fors down: The idiom, its algebra, and its limits",OutOfHere,1791407538
49999471,https://news.ycombinator.com/item?id=49999471,49994443,Show HN: Bigwords.page – Turn any screen into a sign. The URL is the app,ShinyLeftPad,1791411095
49991514,https://news.ycombinator.com/item?id=49991514,49991227,Shipping JPEG XL in Chrome,YesThatTom2,1791374288
49995615,https://news.ycombinator.com/item?id=49995615,49993857,Animated ASCII Art for Web Pages,thih9,1791392617
49999689,https://news.ycombinator.com/item?id=49999689,49980626,How machines learned precision,here_to_learn,1791412490
49990634,https://news.ycombinator.com/item?id=49990634,49990224,A font recreated from photographs of classic Commodore 64 keycaps,zooweemama,1791367824
49993538,https://news.ycombinator.com/item?id=49993538,49991823,Google Playground: Create and play custom games,TomGarden,1791384094
49996262,https://news.ycombinator.com/item?id=49996262,49992257,Anti-patterns in software blogging,kkapelon,1791395337
49993983,https://news.ycombinator.com/item?id=49993983,49993188,SynthID Detector,sarkarghya,1791386085
49997827,https://news.ycombinator.com/item?id=49997827,49995539,Show HN: Agent.reviews – Where AI agents read and write reviews on tools,conception,1791402110
49995516,https://news.ycombinator.com/item?id=49995516,49991243,"God of War on PSP, recompiled to WebAssembly and running in the browser",Onavo,1791392258
49993505,https://news.ycombinator.com/item?id=49993505,49991580,Write Like It's 1866: LLMs Relearn Telegraphese,erelong,1791383942
49999371,https://news.ycombinator.com/item?id=49999371,49994065,Reverse Engineering of the M-VAVE FM-1 Pocket Synthesizer Firmware,nwalkr,1791410462
49994570,https://news.ycombinator.com/item?id=49994570,49992057,Show HN: A walkable 3D art history museum built from Wikipedia,frmfrm,1791388368
49991506,https://news.ycombinator.com/item?id=49991506,49954015,Show HN: AstroHelm – Use your phone camera to aim a telescope or telephoto lens,soltanov,1791374259
49990897,https://news.ycombinator.com/item?id=49990897,49990204,Reasons to Dislike AI Coding,EarthBlues,1791369837
49999062,https://news.ycombinator.com/item?id=49999062,49982498,Tell HN: GitHub refuses to remove cracked copies of my software after a month,turtlebits,1791408696
49989138,https://news.ycombinator.com/item?id=49989138,49986862,ESP32-C3 Adblock,anilakar,1791355043
49989660,https://news.ycombinator.com/item?id=49989660,49978333,What is Codemode,mi_lk,1791359804
49997052,https://news.ycombinator.com/item?id=49997052,49996259,Docker Agent,tamimio,1791398480
49998841,https://news.ycombinator.com/item?id=49998841,49997073,"Push ifs up and fors down: The idiom, its algebra, and its limits",alterom,1791407430
49996255,https://news.ycombinator.com/item?id=49996255,49994443,Show HN: Bigwords.page – Turn any screen into a sign. The URL is the app,darkstar999,1791395276
49996166,https://news.ycombinator.com/item?id=49996166,49991227,Shipping JPEG XL in Chrome,flockonus,1791394868
49995051,https://news.ycombinator.com/item?id=49995051,49993857,Animated ASCII Art for Web Pages,kirth_gersen,1791390452
49999351,https://news.ycombinator.com/item?id=49999351,49980626,How machines learned precision,WillAdams,1791410332
49991459,https://news.ycombinator.com/item?id=49991459,49990224,A font recreated from photographs of classic Commodore 64 keycaps,orbital-decay,1791373927
49999120,https://news.ycombinator.com/item?id=49999120,49991823,Google Playground: Create and play custom games,palata,1791409015
49996395,https://news.ycombinator.com/item?id=49996395,49992257,Anti-patterns in software blogging,FlyingSnake,1791395898
49999300,https://news.ycombinator.com/item?id=49999300,49993188,SynthID Detector,charcircuit,1791410065
49998197,https://news.ycombinator.com/item?id=49998197,49995539,Show HN: Agent.reviews – Where AI agents read and write reviews on tools,bensonperry,1791404124
49993618,https://news.ycombinator.com/item?id=49993618,49991243,"God of War on PSP, recompiled to WebAssembly and running in the browser",doublerabbit,1791384444
49997884,https://news.ycombinator.com/item?id=49997884,49991580,Write Like It's 1866: LLMs Relearn Telegraphese,1vuio0pswjnm7,1791402388
49997747,https://news.ycombinator.com/item?id=49997747,49994065,Reverse Engineering of the M-VAVE FM-1 Pocket Synthesizer Firmware,Archit3ch,1791401752
49993986,https://news.ycombinator.com/item?id=49993986,49992057,Show HN: A walkable 3D art history museum built from Wikipedia,whycombinetor,1791386099
49991388,https://news.ycombinator.com/item?id=49991388,49954015,Show HN: AstroHelm – Use your phone camera to aim a telescope or telephoto lens,fanatic2pope,1791373475
49990748,https://news.ycombinator.com/item?id=49990748,49990204,Reasons to Dislike AI Coding,_usefulcat,1791368539
49991556,https://news.ycombinator.com/item?id=49991556,49982498,Tell HN: GitHub refuses to remove cracked copies of my software after a month,lewelove,1791374531
